code,scientific,name
ani,animal not identified,unidentified animal
bird,bird,bird
bos,Bos primigenius,cow
caae,Capra aegagrus hircus,domestic goat
caca,Capreolus capreolus,roe deer
calu,Canis lupus,wolf
can,Canis lupus familiaris,dog
capi,Capra pyrenaica,ibex
car,any vehicle,motor vehicle
carni,carnivore not identified,unidentified carnivore
cer,Cervus elaphus,red deer
cerni,red or fallow deer,red deer or fallow deer (deer not identified)
dam,Dama dama,fallow deer
elqu,Elyomis quercinus,garden dormouse
emp,empty,empty
equ,Equus ferus,horse
fel,Felis catus,domestic cat
fsi,Felis silvestris,wildcat
gen,Genetta genetta,genet
her,Herpestes ichneumon,egyptian mongoose
hom,Homo sapiens,human
lep,Lepus granatensis,iberian hare
liz,lizard,lizard
lut,Lutra lutra,otter
lyn,Lynx pardinus,iberian lynx
mafo,Martes foina,beech marten
mel,Meles meles,badger
muni,Mustela nivalis,weasel
mupu,Mustela putorius,polecat
mus,Mus or Apodemus,mouse
others,others,others
ory,Oryctolagus cuniculus,rabbit
ovar,Ovis orientalis aries,sheep
ovor,Ovis orientalis musimon,mouflon
rara,Rattus rattus,black rat
sna,snake,snake
sus,Sus scrofa,wild boar
tile,Timon lepidus,ocellated lizard
tur,Testudo graeca,greek tortoise
vul,Vulpes vulpes,fox